{
  "project_info": {
    "project_number": "791259653986",
    "project_id": "vet-careapp1-kw9lsd",
    "storage_bucket": "vet-careapp1-kw9lsd.appspot.com"
  },
  "client": [
    {
      "client_info": {
        "mobilesdk_app_id": "1:791259653986:android:f3105cf3dd485cf4506e3b",
        "android_client_info": {
          "package_name": "com.mycompany.vetcareapp1"
        }
      },
      "oauth_client": [],
      "api_key": [
        {
          "current_key": "AIzaSyDgnrPUEzNgOQDok53Cxcee9vgwjjbyJv4"
        }
      ],
      "services": {
        "appinvite_service": {
          "other_platform_oauth_client": []
        }
      }
    }
  ],
  "configuration_version": "1"
}